gene,0
RINL,0.2222222222222222
SLIT2,0.16161616161616163
MORF4L2,0.13131313131313133
ST3GAL3,0.1111111111111111
CASP1,0.10101010101010101
BCAM,0.09090909090909091
CTC1,0.09090909090909091
TTC23,0.09090909090909091
