gene,0
TTC23,0.1313131313131313
ASB9,0.11111111111111108
MORF4L2,0.10101010101010098
FAM71A,0.0909090909090909
SLIT2,0.0909090909090909
RINL,0.0808080808080808
ST3GAL3,0.0808080808080808
BCAM,0.060606060606060594
CTC1,0.060606060606060594
CASP1,0.060606060606060594
RP11-34F20.7,0.060606060606060594
TM4SF1,0.0404040404040404
TYK2,0.030303030303030297
