gene,0
RINL,0.10101010101010101
TTC23,0.09090909090909091
CTC1,0.09090909090909091
CASP1,0.09090909090909091
ASB9,0.0707070707070707
MORF4L2,0.0707070707070707
TYK2,0.0707070707070707
FAM71A,0.06060606060606061
SLIT2,0.06060606060606061
TM4SF1,0.050505050505050504
RP11-34F20.7,0.050505050505050504
BCAM,0.04040404040404041
ST3GAL3,0.04040404040404041
MIR4435-2HG,0.030303030303030304
VRK2,0.030303030303030304
GCKR,0.030303030303030304
SGCE,0.020202020202020204
