gene,0
MORF4L2,0.2828282828282828
ST3GAL3,0.25252525252525254
RINL,0.18181818181818182
SLIT2,0.15151515151515152
CASP1,0.13131313131313133
