gene,0
SLIT2,0.1414141414141414
RINL,0.1111111111111111
ST3GAL3,0.1111111111111111
ASB9,0.10101010101010101
BCAM,0.10101010101010101
MORF4L2,0.09090909090909091
FAM71A,0.08080808080808081
CTC1,0.0707070707070707
CASP1,0.0707070707070707
TTC23,0.0707070707070707
RP11-34F20.7,0.050505050505050504
