gene,0
MORF4L2,0.1919191919191919
ST3GAL3,0.1414141414141414
CASP1,0.1111111111111111
CTC1,0.09090909090909091
TTC23,0.09090909090909091
RINL,0.09090909090909091
SLIT2,0.08080808080808081
BCAM,0.0707070707070707
FAM71A,0.0707070707070707
ASB9,0.06060606060606061
