gene,0
CTC1,0.15151515151515152
CASP1,0.15151515151515152
BCAM,0.1414141414141414
MORF4L2,0.1111111111111111
TTC23,0.1111111111111111
ST3GAL3,0.10101010101010101
SLIT2,0.09090909090909091
RINL,0.08080808080808081
FAM71A,0.06060606060606061
